command,x,y,yaw,velocity_x,velocity_y,velocity_z,n_epoch,num_timesteps,eval_mode,done,ep_count
4,104.60011291503906,187.6001739501953,-179.9736785888672,-0.04443422704935074,-0.0032851167488843203,-1.9874144792556763,0,0,True,False,1
4,104.59455871582031,187.60037231445312,-179.96168518066406,-0.15552303194999695,-0.00035954470513388515,0.302345335483551,0,0,True,False,1
4,104.56295776367188,187.59999084472656,-179.93800354003906,-0.610903263092041,-0.013914947398006916,0.2446349859237671,0,0,True,False,1
4,104.47527313232422,187.59878540039062,-179.8989715576172,-1.19882333278656,-0.02221583016216755,0.134658083319664,0,0,True,False,1
4,104.32171630859375,187.59423828125,-179.71905517578125,-1.797798752784729,-0.08250485360622406,0.05538645759224892,0,0,True,False,1
4,104.11270904541016,187.5813751220703,-179.2254180908203,-2.3278229236602783,-0.22441722452640533,0.01462944969534874,0,0,True,False,1
4,103.85182189941406,187.55799865722656,-178.41819763183594,-2.836117744445801,-0.35407114028930664,-0.0008835792541503906,0,0,True,False,1
4,103.54157257080078,187.5268096923828,-177.51307678222656,-3.3017632961273193,-0.4245910942554474,-0.004253301303833723,0,0,True,False,1
4,103.18946838378906,187.49624633789062,-176.9347686767578,-3.672974109649658,-0.330270916223526,-0.0033858108799904585,0,0,True,False,1
4,102.80975341796875,187.4658203125,-176.54212951660156,-3.8648674488067627,-0.34615787863731384,-0.0018487930065020919,0,0,True,False,1
4,102.42052459716797,187.43563842773438,-176.28347778320312,-3.8956727981567383,-0.3156172037124634,-0.0007521533989347517,0,0,True,False,1
4,102.0333251953125,187.40750122070312,-176.171630859375,-3.84570050239563,-0.2798680365085602,-0.00019214629719499499,0,0,True,False,1
4,101.65318298339844,187.38088989257812,-176.12869262695312,-3.7636537551879883,-0.26427778601646423,1.4009475307830144e-05,0,0,True,False,1
4,101.28192138671875,187.3546600341797,-176.0850067138672,-3.6710963249206543,-0.26517072319984436,5.957603207207285e-05,0,0,True,False,1
4,100.91996765136719,187.32791137695312,-175.99948120117188,-3.5776569843292236,-0.2789040803909302,4.563331458484754e-05,0,0,True,False,1
4,100.5669937133789,187.30101013183594,-175.90921020507812,-3.490924596786499,-0.2752595543861389,2.6435851395945065e-05,0,0,True,False,1
4,100.22203826904297,187.27793884277344,-175.9876251220703,-3.417041778564453,-0.20018956065177917,1.1701583389367443e-05,0,0,True,False,1
4,99.88399505615234,187.2645263671875,-176.4376220703125,-3.358600378036499,-0.03538274019956589,1.4019011587151908e-06,0,0,True,False,1
4,99.55156707763672,187.24896240234375,-176.61790466308594,-3.296659231185913,-0.19233843684196472,2.0503996438492322e-06,0,0,True,False,1
4,99.22545623779297,187.2273406982422,-176.50245666503906,-3.231574296951294,-0.24031966924667358,-7.724761985627993e-07,0,0,True,False,1
4,98.90562438964844,187.20437622070312,-176.35995483398438,-3.1701409816741943,-0.24352771043777466,-1.6689300537109375e-06,0,0,True,False,1
4,98.59149932861328,187.18563842773438,-176.42889404296875,-3.117737293243408,-0.1544795036315918,-1.535415663056483e-06,0,0,True,False,1
4,98.28274536132812,187.16876220703125,-176.52720642089844,-3.064352035522461,-0.16088907420635223,-3.8146970382513246e-07,0,0,True,False,1
4,97.97920989990234,187.15809631347656,-176.861083984375,-3.0147719383239746,-0.03368546813726425,4.1961669694501325e-07,0,0,True,False,1
4,97.68035125732422,187.14906311035156,-177.150146484375,-2.970747709274292,-0.07469131052494049,2.8610227786884934e-07,0,0,True,False,1
4,97.38581848144531,187.13632202148438,-177.20811462402344,-2.924959659576416,-0.1398259550333023,-1.2683867680607364e-06,0,0,True,False,1
4,97.09458923339844,187.12124633789062,-177.1650848388672,-2.911916732788086,-0.16087335348129272,-9.059905892172537e-07,0,0,True,False,1
4,96.79959106445312,187.10597229003906,-177.1398468017578,-3.0051348209381104,-0.15534110367298126,-9.822845186135964e-07,0,0,True,False,1
4,96.4972915649414,187.0888671875,-177.05398559570312,-3.0209343433380127,-0.18811438977718353,-1.306533818024036e-06,0,0,True,False,1
4,96.19577026367188,187.0668487548828,-176.7773895263672,-3.0102593898773193,-0.2702253758907318,-4.0054320038507285e-07,0,0,True,False,1
4,95.89482879638672,187.0414276123047,-176.4311065673828,-3.005793809890747,-0.2933179438114166,7.24792471373803e-07,0,0,True,False,1
4,95.594482421875,187.01278686523438,-176.02975463867188,-2.998518228530884,-0.33543482422828674,-1.926422100950731e-06,0,0,True,False,1
4,95.294677734375,186.9813232421875,-175.60107421875,-2.993077278137207,-0.36191725730895996,1.2588500339916209e-06,0,0,True,False,1
4,94.97879791259766,186.94985961914062,-175.32936096191406,-3.3608453273773193,-0.345441073179245,1.840591380641854e-06,0,0,True,False,1
4,94.61634826660156,186.91461181640625,-175.10775756835938,-3.8349928855895996,-0.39535656571388245,-1.287460349885805e-06,0,0,True,False,1
4,94.20863342285156,186.88134765625,-175.2041015625,-4.2410101890563965,-0.2924494445323944,-3.499984586596838e-06,0,0,True,False,1
4,93.77313232421875,186.8522186279297,-175.5267791748047,-4.425661087036133,-0.2465859204530716,-1.6307830037476378e-06,0,0,True,False,1
4,93.326904296875,186.8239288330078,-175.80123901367188,-4.486438274383545,-0.262372761964798,5.435943535303522e-07,0,0,True,False,1
4,92.87748718261719,186.796875,-176.0511016845703,-4.500769138336182,-0.23934303224086761,1.2111663636460435e-06,0,0,True,False,1
4,92.42796325683594,186.77792358398438,-176.5774383544922,-4.495135307312012,-0.08674417436122894,1.7356871921947459e-06,0,0,True,False,1
4,91.9793701171875,186.76536560058594,-177.1814422607422,-4.483331680297852,-0.06050371006131172,1.0204314548900584e-06,0,0,True,False,1
4,91.53215789794922,186.75064086914062,-177.4740753173828,-4.466174602508545,-0.14766846597194672,-4.577636616431846e-07,0,0,True,False,1
4,91.08641052246094,186.73416137695312,-177.60028076171875,-4.451220989227295,-0.15514513850212097,-7.629394076502649e-07,0,0,True,False,1
4,90.64212036132812,186.71884155273438,-177.73753356933594,-4.437037944793701,-0.13371990621089935,-5.912780807193485e-07,0,0,True,False,1
4,90.19923400878906,186.7061309814453,-177.942626953125,-4.423096179962158,-0.09562665969133377,-7.24792471373803e-07,0,0,True,False,1
4,89.75775909423828,186.69580078125,-178.17604064941406,-4.409281253814697,-0.07492474466562271,-7.724761985627993e-07,0,0,True,False,1
4,89.31764221191406,186.68833923339844,-178.4553985595703,-4.3957977294921875,-0.035538848489522934,-1.449584942747606e-06,0,0,True,False,1
4,88.87902069091797,186.6866912841797,-178.8927459716797,-4.380300521850586,0.05305333435535431,-1.115798909268051e-06,0,0,True,False,1
4,88.44190979003906,186.691162109375,-179.4426727294922,-4.364969730377197,0.1169629842042923,-4.95910626341356e-07,0,0,True,False,1
4,88.00605010986328,186.6974334716797,-179.87637329101562,-4.35338020324707,0.09684010595083237,8.010864007701457e-07,0,0,True,False,1
4,87.57157135009766,186.70726013183594,179.67027282714844,-4.338195323944092,0.16135534644126892,3.337860050578456e-07,0,0,True,False,1
4,87.13845825195312,186.72132873535156,179.18368530273438,-4.324524402618408,0.19800758361816406,4.76837158203125e-07,0,0,True,False,1
4,86.70658874511719,186.73806762695312,178.7440948486328,-4.312406063079834,0.21312212944030762,-3.8146970382513246e-07,0,0,True,False,1
4,86.27574157714844,186.75404357910156,178.48155212402344,-4.303310871124268,0.17083770036697388,-1.468658410885837e-06,0,0,True,False,1
4,85.84600067138672,186.77056884765625,178.26869201660156,-4.291656017303467,0.19206826388835907,5.149840944795869e-07,0,0,True,False,1
4,85.4173583984375,186.78829956054688,178.0695037841797,-4.281167030334473,0.19808149337768555,-1.9931792394345393e-06,0,0,True,False,1
4,84.98973083496094,186.8065643310547,177.91160583496094,-4.271543502807617,0.19684234261512756,-4.577636616431846e-07,0,0,True,False,1
4,84.56303405761719,186.81993103027344,178.0192108154297,-4.263617038726807,0.08922651410102844,9.53674295089968e-09,0,0,True,False,1
4,84.13727569580078,186.82826232910156,178.2965850830078,-4.254295349121094,0.04215865582227707,-8.48770127959142e-07,0,0,True,False,1
4,83.71258544921875,186.838623046875,178.3805389404297,-4.242103099822998,0.12031552195549011,-7.343292054429185e-07,0,0,True,False,1
4,83.2889633178711,186.85235595703125,178.29791259765625,-4.231608867645264,0.15629859268665314,-1.0108947208209429e-06,0,0,True,False,1
4,82.86621856689453,186.86489868164062,178.3044891357422,-4.224097728729248,0.10990995913743973,-5.054473604104714e-07,0,0,True,False,1
4,82.44437408447266,186.87838745117188,178.25741577148438,-4.21422815322876,0.1532726287841797,-9.91821252682712e-07,0,0,True,False,1
4,82.02340698242188,186.8938446044922,178.1448211669922,-4.205713272094727,0.1701713651418686,-1.802444444365392e-06,0,0,True,False,1
4,81.60318756103516,186.90911865234375,178.07850646972656,-4.198803901672363,0.1537274420261383,-5.722045557376987e-07,0,0,True,False,1
4,81.1836929321289,186.92420959472656,178.03834533691406,-4.191530227661133,0.1548270583152771,-1.8119811784345075e-06,0,0,True,False,1
4,80.76508331298828,186.94189453125,177.89358520507812,-4.181471347808838,0.2063911408185959,-1.7166136956348055e-07,0,0,True,False,1
4,80.34725952148438,186.96099853515625,177.7370147705078,-4.1745100021362305,0.2056639939546585,-1.1444091114753974e-06,0,0,True,False,1
4,79.93011474609375,186.98004150390625,177.63243103027344,-4.168212890625,0.19813114404678345,-1.0299681889591739e-06,0,0,True,False,1
4,79.5135726928711,186.99813842773438,177.5991668701172,-4.162775993347168,0.17818628251552582,2.0027160019253643e-07,0,0,True,False,1
4,79.09764862060547,187.0164031982422,177.5657501220703,-4.156250476837158,0.1888653188943863,-1.5163420812314143e-06,0,0,True,False,1
4,78.68235778808594,187.035400390625,177.50732421875,-4.1498517990112305,0.19883805513381958,-2.288818308215923e-07,0,0,True,False,1
4,78.26768493652344,187.05514526367188,177.4359893798828,-4.143693447113037,0.2065187394618988,-2.193450825416221e-07,0,0,True,False,1
4,77.85354614257812,187.073974609375,177.42861938476562,-4.13926362991333,0.18083365261554718,-2.0980834847250662e-07,0,0,True,False,1
4,77.43989562988281,187.09152221679688,177.47499084472656,-4.134535312652588,0.16653360426425934,-1.077651972991589e-06,0,0,True,False,1
4,77.02670288085938,187.107177734375,177.5862274169922,-4.130316734313965,0.136627197265625,-1.678466787780053e-06,0,0,True,False,1
4,76.61397552490234,187.12115478515625,177.7314910888672,-4.125746250152588,0.12088445574045181,-6.389617510649259e-07,0,0,True,False,1
4,76.20170593261719,187.1330108642578,177.92059326171875,-4.1213812828063965,0.09146085381507874,-1.1253356433371664e-06,0,0,True,False,1
4,75.78990173339844,187.14462280273438,178.05332946777344,-4.116183757781982,0.10982290655374527,-3.0517577442878974e-07,0,0,True,False,1
4,75.37857055664062,187.156982421875,178.11619567871094,-4.111177444458008,0.12120553106069565,-1.1539458455445128e-06,0,0,True,False,1
4,74.9677505493164,187.1703338623047,178.11849975585938,-4.105982780456543,0.13881097733974457,-7.24792471373803e-07,0,0,True,False,1
4,74.55741119384766,187.1845703125,178.08456420898438,-4.101151943206787,0.14863327145576477,-5.531310875994677e-07,0,0,True,False,1
4,74.14751434326172,187.19888305664062,178.06085205078125,-4.09699821472168,0.14362865686416626,-1.363754222438729e-06,0,0,True,False,1
4,73.738037109375,187.21304321289062,178.05072021484375,-4.092861652374268,0.1416151523590088,-1.5258788721439487e-07,0,0,True,False,1
4,73.32894134521484,187.22622680664062,178.08480834960938,-4.089376926422119,0.12261343747377396,-7.724761985627993e-07,0,0,True,False,1
4,72.92024230957031,187.2391357421875,178.11514282226562,-4.085339069366455,0.12811097502708435,-8.869171210790228e-07,0,0,True,False,1
4,72.5119400024414,187.25271606445312,178.10797119140625,-4.0811285972595215,0.13985688984394073,-8.48770127959142e-07,0,0,True,False,1
4,72.10401916503906,187.2660369873047,178.11537170410156,-4.0777692794799805,0.12916012108325958,-5.912780807193485e-07,0,0,True,False,1
4,71.69647979736328,187.27992248535156,178.09132385253906,-4.0735015869140625,0.147201269865036,6.484985419774603e-07,0,0,True,False,1
4,71.28932189941406,187.2946014404297,178.04342651367188,-4.069769382476807,0.15329183638095856,-9.91821252682712e-07,0,0,True,False,1
4,70.88250732421875,187.30938720703125,178.00582885742188,-4.066442966461182,0.15101706981658936,-1.077651972991589e-06,0,0,True,False,1
4,70.47604370117188,187.32421875,177.98104858398438,-4.063186168670654,0.1495920568704605,-5.149840944795869e-07,0,0,True,False,1
4,70.06989288330078,187.33924865722656,177.95167541503906,-4.059813976287842,0.15444743633270264,-9.632110504753655e-07,0,0,True,False,1
4,69.6640625,187.35421752929688,177.93325805664062,-4.056979179382324,0.15017671883106232,-1.3732909565078444e-06,0,0,True,False,1
4,69.25852966308594,187.3693084716797,177.9141387939453,-4.054046154022217,0.1538701206445694,-1.2683867680607364e-06,0,0,True,False,1
4,68.85326385498047,187.3845977783203,177.8959197998047,-4.051499366760254,0.15367984771728516,1.7356871921947459e-06,0,0,True,False,1
4,68.44825744628906,187.40032958984375,177.8594207763672,-4.048584938049316,0.16387256979942322,-1.0871887070607045e-06,0,0,True,False,1
4,68.04352569580078,187.4164276123047,177.82107543945312,-4.046128749847412,0.1642608940601349,-6.771087441848067e-07,0,0,True,False,1
4,67.63906860351562,187.43321228027344,177.7609100341797,-4.043142318725586,0.17792703211307526,-1.0490417707842425e-06,0,0,True,False,1
4,67.23483276367188,187.449951171875,177.72337341308594,-4.041356563568115,0.16795065999031067,-1.115798909268051e-06,0,0,True,False,1
4,66.83080291748047,187.4665985107422,177.70372009277344,-4.03933572769165,0.1672624945640564,-2.0980834847250662e-07,0,0,True,False,1
4,66.42698669433594,187.48353576660156,177.6717987060547,-4.036957740783691,0.17476695775985718,-9.632110504753655e-07,0,0,True,False,1
4,66.02339935302734,187.5009002685547,177.63096618652344,-4.03471040725708,0.17893649637699127,-2.670288097306184e-07,0,0,True,False,1
4,65.62004089355469,187.51856994628906,177.58990478515625,-4.032501220703125,0.18140798807144165,1.3351440202313825e-06,0,0,True,False,1
4,65.2169189453125,187.53684997558594,177.53445434570312,-4.029942035675049,0.1910085380077362,-5.149840944795869e-07,0,0,True,False,1
4,64.81399536132812,187.55538940429688,177.486328125,-4.028157711029053,0.18924075365066528,-1.983642505365424e-06,0,0,True,False,1
4,64.4112777709961,187.5741729736328,177.44032287597656,-4.026214599609375,0.1935877948999405,-9.91821252682712e-07,0,0,True,False,1
4,64.00874328613281,187.59336853027344,177.3899688720703,-4.02431058883667,0.19824115931987762,-7.438659395120339e-07,0,0,True,False,1
4,63.60636901855469,187.6126251220703,177.35423278808594,-4.022951602935791,0.19450126588344574,-6.103515488575795e-07,0,0,True,False,1
4,63.20414733886719,187.63198852539062,177.32215881347656,-4.021323204040527,0.19766078889369965,-5.531310875994677e-07,0,0,True,False,1
4,62.80210494995117,187.6517791748047,177.28134155273438,-4.019598484039307,0.20338284969329834,-1.1539458455445128e-06,0,0,True,False,1
4,62.40019226074219,187.67169189453125,177.24671936035156,-4.018342971801758,0.20221534371376038,1.8119811784345075e-06,0,0,True,False,1
4,61.9984245300293,187.69183349609375,177.2123565673828,-4.016844749450684,0.20585936307907104,-7.24792471373803e-07,0,0,True,False,1
4,61.59680938720703,187.7123260498047,177.1744384765625,-4.015326023101807,0.20929528772830963,2.2983549570199102e-06,0,0,True,False,1
4,61.195335388183594,187.73297119140625,177.13937377929688,-4.014003276824951,0.21027682721614838,-5.435943535303522e-07,0,0,True,False,1
4,60.79399108886719,187.7537841796875,177.10731506347656,-4.012673377990723,0.21182599663734436,-4.482269275740691e-07,0,0,True,False,1
4,60.392757415771484,187.77430725097656,177.10012817382812,-4.011920928955078,0.20277398824691772,1.7261504581256304e-06,0,0,True,False,1
4,59.99165725708008,187.7950897216797,177.08033752441406,-4.010197162628174,0.21264322102069855,-3.0517577442878974e-07,0,0,True,False,1
4,59.5906982421875,187.816162109375,177.0550079345703,-4.008983135223389,0.21307751536369324,-9.250640573554847e-07,0,0,True,False,1
4,59.189842224121094,187.8370819091797,177.04373168945312,-4.008036136627197,0.20891639590263367,-4.1961669694501325e-07,0,0,True,False,1
4,58.78910827636719,187.85812377929688,177.02993774414062,-4.0066657066345215,0.21269899606704712,-1.0108947208209429e-06,0,0,True,False,1
4,58.38850021362305,187.879150390625,177.0189666748047,-4.005580425262451,0.2110854685306549,-1.3160705520931515e-06,0,0,True,False,1
4,57.98801803588867,187.90048217773438,176.9984130859375,-4.004117488861084,0.2171597182750702,6.103515488575795e-07,0,0,True,False,1
4,57.58758544921875,187.9208221435547,177.03079223632812,-4.00429630279541,0.1922701746225357,-4.863738922722405e-07,0,0,True,False,1
4,57.18732452392578,187.94200134277344,177.00950622558594,-4.0016398429870605,0.2234804332256317,1.0490417423625331e-07,0,0,True,False,1
4,56.7872200012207,187.9645233154297,176.93968200683594,-4.0000739097595215,0.235487163066864,-7.534026735811494e-07,0,0,True,False,1
4,56.387210845947266,187.9872283935547,176.8849334716797,-3.99943470954895,0.23109960556030273,1.335144048653092e-07,0,0,True,False,1
4,55.98727798461914,188.0096893310547,176.85833740234375,-3.998814821243286,0.22521866858005524,-1.5068053471622989e-06,0,0,True,False,1
4,55.58744812011719,188.0322265625,176.83482360839844,-3.997751474380493,0.22841082513332367,-5.340576194612368e-07,0,0,True,False,1
4,55.18772888183594,188.05526733398438,176.7952880859375,-3.9965579509735107,0.23662273585796356,-2.8610227786884934e-07,0,0,True,False,1
4,54.788108825683594,188.0789337158203,176.74093627929688,-3.9955925941467285,0.24408239126205444,-1.23977656585339e-07,0,0,True,False,1
4,54.38859558105469,188.103759765625,176.65396118164062,-3.994093894958496,0.2615948021411896,-1.6212462696785224e-06,0,0,True,False,1
4,53.98925018310547,188.1305389404297,176.5081329345703,-3.992039918899536,0.29049059748649597,-2.9563904035967425e-07,0,0,True,False,1
4,53.58989715576172,188.15773010253906,176.3931427001953,-3.993473768234253,0.27950018644332886,-2.47955313170678e-07,0,0,True,False,1
4,53.19060516357422,188.18653869628906,176.24078369140625,-3.9913744926452637,0.31244906783103943,-9.536742595628311e-08,0,0,True,False,1
4,52.79132080078125,188.21603393554688,176.10934448242188,-3.992398977279663,0.30459415912628174,-4.577636616431846e-07,0,0,True,False,1
1,52.39186477661133,188.24313354492188,176.12095642089844,-3.9957356452941895,0.25455862283706665,-8.678435960973729e-07,0,0,True,False,1
1,51.99246597290039,188.27101135253906,176.0847930908203,-3.992910146713257,0.29448753595352173,-5.245208853921213e-07,0,0,True,False,1
1,51.59324264526367,188.3011016845703,175.96536254882812,-3.990821361541748,0.32006344199180603,-9.822845186135964e-07,0,0,True,False,1
1,51.194339752197266,188.33447265625,175.74244689941406,-3.9859097003936768,0.3699836730957031,-7.438659395120339e-07,0,0,True,False,1
1,50.79561233520508,188.3697052001953,175.51258850097656,-3.9855146408081055,0.3758891224861145,-1.907348590179936e-08,0,0,True,False,1
1,50.3970832824707,188.4070587158203,175.25967407226562,-3.9824297428131104,0.4070349931716919,1.8882750509874313e-06,0,0,True,False,1
1,49.998779296875,188.44686889648438,174.97955322265625,-3.980102062225342,0.4318174123764038,2.231597818536102e-06,0,0,True,False,1
1,49.60040283203125,188.48643493652344,174.7978973388672,-3.9831316471099854,0.4041914641857147,-1.0299681889591739e-06,0,0,True,False,1
1,49.202327728271484,188.5283203125,174.5618896484375,-3.976494550704956,0.4573131799697876,-5.054473604104714e-07,0,0,True,False,1
1,48.804447174072266,188.57183837890625,174.33070373535156,-3.9766314029693604,0.45661693811416626,-2.8610227786884934e-07,0,0,True,False,1
1,48.40657043457031,188.61524963378906,174.1732635498047,-3.9776787757873535,0.44577181339263916,-1.411438006471144e-06,0,0,True,False,1
1,48.008811950683594,188.65968322753906,174.01678466796875,-3.9752891063690186,0.4643343687057495,-6.389617510649259e-07,0,0,True,False,1
1,47.61111068725586,188.70458984375,173.88845825195312,-3.9758126735687256,0.45887255668640137,-4.0054320038507285e-07,0,0,True,False,1
1,47.21360397338867,188.7507781982422,173.73876953125,-3.972599506378174,0.4830913543701172,-7.820129326319147e-07,0,0,True,False,1
1,46.81642150878906,188.79928588867188,173.53152465820312,-3.968384265899658,0.5143216252326965,2.365112322877394e-06,0,0,True,False,1
1,46.4197998046875,188.85166931152344,173.2213134765625,-3.960279703140259,0.569508969783783,-8.964538551481382e-07,0,0,True,False,1
1,46.02360153198242,188.90708923339844,172.877685546875,-3.957026243209839,0.5936417579650879,-2.8610227786884934e-07,0,0,True,False,1
1,45.62773895263672,188.96498107910156,172.5323028564453,-3.9532527923583984,0.6187184453010559,7.629394360719743e-08,0,0,True,False,1
1,45.23216247558594,189.02487182617188,172.20315551757812,-3.950808048248291,0.6347700953483582,-1.3351440202313825e-06,0,0,True,False,1
1,44.83709716796875,189.0878143310547,171.8387908935547,-3.9435298442840576,0.675969123840332,-1.4305113893442467e-07,0,0,True,False,1
1,44.44244384765625,189.1532745361328,171.4775390625,-3.9404962062835693,0.6933214664459229,-1.335144048653092e-07,0,0,True,False,1
1,44.04861831665039,189.2228240966797,171.0415802001953,-3.928131580352783,0.7550739049911499,-1.3160705520931515e-06,0,0,True,False,1
1,43.65541458129883,189.2958526611328,170.59088134765625,-3.923914670944214,0.7793906331062317,-1.5449523971255985e-06,0,0,True,False,1
1,43.26261520385742,189.37139892578125,170.1670684814453,-3.9200868606567383,0.8012430667877197,-7.05719003235572e-07,0,0,True,False,1
1,42.87058639526367,189.45071411132812,169.70138549804688,-3.9091362953186035,0.8518048524856567,-1.1444091541079615e-07,0,0,True,False,1
1,42.47884750366211,189.53176879882812,169.3053741455078,-3.9113683700561523,0.8449051380157471,-5.7220457705398076e-08,0,0,True,False,1
1,42.087127685546875,189.61341857910156,169.00038146972656,-3.9119229316711426,0.844293475151062,-2.288818308215923e-07,0,0,True,False,1
1,41.695491790771484,189.6956787109375,168.75714111328125,-3.911898136138916,0.84488445520401,-1.6403197378167533e-06,0,0,True,False,1
1,41.303768157958984,189.7775421142578,168.6011962890625,-3.915440082550049,0.8276580572128296,-2.384185791015625e-07,0,0,True,False,1
1,40.912025451660156,189.85926818847656,168.49334716796875,-3.915372848510742,0.8268473148345947,-6.389617510649259e-07,0,0,True,False,1
1,40.520347595214844,189.94119262695312,168.4071044921875,-3.9149250984191895,0.8269788026809692,5.531310875994677e-07,0,0,True,False,1
1,40.12858200073242,190.0224609375,168.3751220703125,-3.91794490814209,0.8101779818534851,1.0490417423625331e-07,0,0,True,True,1
4,-7.380268573760986,288.2226257324219,89.90785217285156,0.009688172489404678,0.04319879040122032,-1.9874149560928345,0,0,True,False,3
4,-7.37942361831665,288.2272644042969,89.89352416992188,0.024156983941793442,0.12302891165018082,0.3023683428764343,0,0,True,False,3
4,-7.3759636878967285,288.25360107421875,89.75504302978516,0.08591503649950027,0.5100104212760925,0.2446335405111313,0,0,True,False,3
4,-7.366054534912109,288.3424987792969,89.36211395263672,0.16537325084209442,1.1518383026123047,0.13465234637260437,0,0,True,False,3
4,-7.351808071136475,288.4929504394531,88.86072540283203,0.21101313829421997,1.7735170125961304,0.05538252741098404,0,0,True,False,3
4,-7.3330302238464355,288.70086669921875,88.27931213378906,0.26528075337409973,2.3222861289978027,0.014625797048211098,0,0,True,False,3
4,-7.309260845184326,288.96258544921875,87.65001678466797,0.3201341927051544,2.8541131019592285,-0.0008860206580720842,0,0,True,False,3
4,-7.29133415222168,289.2753601074219,87.499755859375,0.12570129334926605,3.32812762260437,-0.004252271726727486,0,0,True,False,3
4,-7.281827926635742,289.6257019042969,87.76558685302734,0.04665498808026314,3.6160216331481934,-0.003386335214599967,0,0,True,False,3
4,-7.27469539642334,289.9934387207031,88.0633316040039,0.04171404615044594,3.707362651824951,-0.0018484496977180243,0,0,True,False,3
4,-7.266456604003906,290.3633728027344,88.22784423828125,0.07738696038722992,3.686275005340576,-0.0007519149803556502,0,0,True,False,3
4,-7.258204936981201,290.72857666015625,88.34859466552734,0.06817075610160828,3.622171640396118,-0.00019579887157306075,0,0,True,False,3
4,-7.250905513763428,291.08642578125,88.47090148925781,0.05848336219787598,3.5434820652008057,1.5783309208927676e-05,0,0,True,False,3
4,-7.24338436126709,291.4362487792969,88.54060363769531,0.07273440808057785,3.462498903274536,5.99288941884879e-05,0,0,True,False,3
4,-7.23597526550293,291.7782287597656,88.59209442138672,0.06757670640945435,3.3843562602996826,4.693031223723665e-05,0,0,True,False,3
4,-7.229338645935059,292.1126403808594,88.65708923339844,0.0570610873401165,3.312176465988159,2.575874350441154e-05,0,0,True,False,3
4,-7.224406719207764,292.4408874511719,88.77295684814453,0.030803106725215912,3.2632906436920166,1.0948180715786293e-05,0,0,True,False,3
4,-7.220761775970459,292.7658996582031,88.90836334228516,0.020932158455252647,3.2440431118011475,2.794265583361266e-06,0,0,True,False,3
4,-7.2187981605529785,293.0904235839844,89.08184051513672,-0.0036990602966398,3.2493467330932617,-6.103515488575795e-07,0,0,True,False,3
4,-7.219789505004883,293.41552734375,89.33881378173828,-0.04619092866778374,3.2495853900909424,-0.0011859702644869685,0,0,True,False,3
4,-7.224745750427246,293.7392272949219,89.69779205322266,-0.09776385128498077,3.223916530609131,-0.0024672888685017824,0,0,True,False,3
4,-7.230201721191406,294.0596008300781,89.97916412353516,-0.07294998317956924,3.186990976333618,-0.0017846488626673818,0,0,True,False,3
4,-7.237053871154785,294.3758850097656,90.26173400878906,-0.10286679118871689,3.142774820327759,-0.0006392097566276789,0,0,True,False,3
4,-7.241265773773193,294.6885070800781,90.35807037353516,-0.029977669939398766,3.117157459259033,0.00013426780060399324,0,0,True,False,3
4,-7.241824150085449,294.9999694824219,90.28901672363281,0.013904403895139694,3.115546226501465,-0.001432285294868052,0,0,True,False,3
4,-7.24613618850708,295.3113098144531,90.41665649414062,-0.08264754712581635,3.110849618911743,-0.0024995803833007812,0,0,True,False,3
4,-7.252434730529785,295.62322998046875,90.58051300048828,-0.07616126537322998,3.13594651222229,-0.0016067028045654297,0,0,True,False,3
4,-7.253180503845215,295.9392395019531,90.45911407470703,0.03650663420557976,3.1641411781311035,-0.00021265982650220394,0,0,True,False,3
4,-7.243556976318359,296.254638671875,89.93231964111328,0.20057392120361328,3.1475579738616943,-0.000727214792277664,0,0,True,False,3
4,-7.231299877166748,296.5695495605469,89.46003723144531,0.1532467156648636,3.1487152576446533,-0.0005228900699876249,0,0,True,False,3
4,-7.211375713348389,296.8830261230469,88.74861907958984,0.3278789818286896,3.1227121353149414,-0.0004377460281830281,0,0,True,False,3
4,-7.184414386749268,297.1953430175781,87.93412017822266,0.3526143431663513,3.118453025817871,8.162498124875128e-05,0,0,True,False,3
4,-7.150569438934326,297.5126953125,87.02445983886719,0.4718998968601227,3.3133599758148193,4.48703758593183e-05,0,0,True,False,3
4,-7.110352039337158,297.8702697753906,86.16769409179688,0.4980807900428772,3.7781291007995605,-0.0008209419320337474,0,0,True,False,3
4,-7.063221454620361,298.272216796875,85.35627746582031,0.5768924951553345,4.181875705718994,-0.0006774234352633357,0,0,True,False,3
4,-7.006740093231201,298.7049255371094,84.47836303710938,0.6816176176071167,4.402078628540039,-0.0001203632346005179,0,0,True,False,3
4,-6.94940710067749,299.15179443359375,83.91349792480469,0.5984210968017578,4.498031139373779,0.0006324863061308861,0,0,True,False,3
4,-6.890603065490723,299.60302734375,83.47386169433594,0.6434076428413391,4.512763500213623,0.0008721447084099054,0,0,True,False,3
4,-6.828385353088379,300.05438232421875,83.03318786621094,0.6721046566963196,4.5050530433654785,0.0010130691807717085,0,0,True,False,3
4,-6.760621070861816,300.50384521484375,82.48966217041016,0.7545193433761597,4.477472305297852,0.0010770797962322831,0,0,True,False,3
4,-6.686111927032471,300.9505920410156,81.82981872558594,0.8307018280029297,4.44661283493042,0.0010602283291518688,0,0,True,False,3
4,-6.605602741241455,301.39453125,81.12638854980469,0.8887797594070435,4.418165683746338,0.001095733605325222,0,0,True,False,3
4,-6.518982410430908,301.83563232421875,80.38361358642578,0.9563696980476379,4.386753559112549,0.001208295812830329,0,0,True,False,3
4,-6.430115222930908,302.2747497558594,79.79193878173828,0.9364129900932312,4.376135349273682,0.0009420394781045616,0,0,True,False,3
4,-6.334849834442139,302.69793701171875,79.20357513427734,1.1197270154953003,4.122639179229736,0.16594648361206055,0,0,True,False,3
4,-6.227058410644531,303.1122741699219,78.19673919677734,1.2286739349365234,4.084445476531982,0.08789519965648651,0,0,True,False,3
4,-6.138290882110596,303.3326416015625,78.03202819824219,0.10082761198282242,-0.36987003684043884,-0.24764442443847656,0,0,True,True,3
4,178.2902069091797,306.50347900390625,-0.0787048190832138,0.0445781834423542,0.0010099682258442044,-1.9874159097671509,0,0,True,False,5
4,178.2957305908203,306.5032653808594,-0.0680236667394638,0.1542596071958542,0.000383967679226771,0.30234700441360474,0,0,True,False,5
4,178.3280487060547,306.5038146972656,-0.0376586876809597,0.5922523140907288,0.019350901246070862,0.2446332722902298,0,0,True,False,5
4,178.4154052734375,306.5058288574219,0.043487247079610825,1.1537913084030151,0.03725210204720497,0.1346593052148819,0,0,True,False,5
4,178.56637573242188,306.5098571777344,0.20196548104286194,1.7828432321548462,0.06612561643123627,0.05538823828101158,0,0,True,False,5
4,178.77517700195312,306.5173034667969,0.4755384027957916,2.3333914279937744,0.11824742704629898,0.014628543518483639,0,0,True,False,5
4,179.0377960205078,306.529052734375,0.8618696331977844,2.8653063774108887,0.17398980259895325,-0.0008836936904117465,0,0,True,False,5
4,179.35214233398438,306.5409240722656,1.131758213043213,3.35839581489563,0.13466861844062805,-0.00425174692645669,0,0,True,False,5
4,179.71116638183594,306.54815673828125,1.1111972332000732,3.7685863971710205,0.04303080588579178,-0.0033881186973303556,0,0,True,False,5
4,180.10394287109375,306.5453186035156,0.6460121273994446,4.023573398590088,-0.1338195949792862,-0.0018492793897166848,0,0,True,False,5
4,180.510498046875,306.5400085449219,0.2431589961051941,4.080452919006348,-0.07122509926557541,-0.002095174742862582,0,0,True,False,5
4,180.91632080078125,306.5390319824219,0.1506316065788269,4.034152984619141,0.005238008219748735,-0.0027457044925540686,0,0,True,False,5
4,181.3150177001953,306.54107666015625,0.20339657366275787,3.9468953609466553,0.033595696091651917,-0.001728973351418972,0,0,True,False,5
4,181.70411682128906,306.5450744628906,0.31924325227737427,3.845736503601074,0.058574385941028595,-0.0001325130433542654,0,0,True,False,5
4,182.08358764648438,306.5490417480469,0.39355576038360596,3.757899761199951,0.041029732674360275,-0.001402530586346984,0,0,True,False,5
4,182.45567321777344,306.55242919921875,0.425271600484848,3.694807767868042,0.03477396443486214,-0.0024309158325195312,0,0,True,False,5
4,182.8219757080078,306.5587463378906,0.5818036198616028,3.6359825134277344,0.09546095877885818,-0.001180248218588531,0,0,True,False,5
4,183.184814453125,306.5668029785156,0.7633777856826782,3.626743793487549,0.09876783192157745,-0.0003899478761013597,0,0,True,False,5
4,183.54750061035156,306.5736389160156,0.8370545506477356,3.6248440742492676,0.06497093290090561,-0.0005477810045704246,0,0,True,False,5
4,183.90988159179688,306.58056640625,0.9030480980873108,3.6218976974487305,0.0794527679681778,-0.00026408195844851434,0,0,True,False,5
4,184.27191162109375,306.58953857421875,1.0413657426834106,3.6179323196411133,0.11215276271104813,0.0004603004490491003,0,0,True,False,5
4,184.63351440429688,306.5946350097656,0.9656537175178528,3.6144142150878906,0.014154909178614616,0.00033593177795410156,0,0,True,False,5
4,185.0063018798828,306.5933532714844,0.6397477388381958,3.8630192279815674,-0.0704631432890892,-0.0005235099815763533,0,0,True,False,5
4,185.40403747558594,306.5810241699219,-0.07858274132013321,4.04452657699585,-0.25357529520988464,-0.0004188823513686657,0,0,True,False,5
4,185.81353759765625,306.563232421875,-0.7871398329734802,4.121890068054199,-0.2410295307636261,0.00035775185097008944,0,0,True,False,5
4,186.22756958007812,306.5490417480469,-1.11285400390625,4.150221824645996,-0.14088179171085358,0.0009500980377197266,0,0,True,False,5
4,186.64303588867188,306.53759765625,-1.237396240234375,4.156501293182373,-0.11940769851207733,0.0011092090280726552,0,0,True,False,5
4,187.05860900878906,306.52606201171875,-1.3373109102249146,4.154527187347412,-0.12648268043994904,0.0012177085736766458,0,0,True,False,5
4,187.47386169433594,306.5146789550781,-1.4014893770217896,4.150519847869873,-0.11602677404880524,0.0011206913040950894,0,0,True,False,5
4,187.89218139648438,306.5129699707031,-1.4533387422561646,4.130974292755127,-0.2688753306865692,0.7456385493278503,0,0,True,False,5
4,188.31155395507812,306.4942321777344,-1.5194092988967896,4.123232364654541,-0.24478711187839508,0.15158891677856445,0,0,True,False,5
4,188.72357177734375,306.4700012207031,-1.8391722440719604,4.124081611633301,-0.2395211011171341,-0.04413819685578346,0,0,True,False,5
4,189.13482666015625,306.449462890625,-2.147522449493408,4.125398635864258,-0.19917061924934387,-0.07288353145122528,0,0,True,False,5
4,189.54632568359375,306.4317321777344,-2.280670166015625,4.122877597808838,-0.16886140406131744,-0.050887469202280045,0,0,True,False,5
4,189.95787048339844,306.41510009765625,-2.324127435684204,4.118161678314209,-0.16282226145267487,-0.025249967351555824,0,0,True,False,5
4,190.36920166015625,306.39825439453125,-2.357147455215454,4.112782001495361,-0.17103679478168488,-0.009251279756426811,0,0,True,False,5
4,190.75161743164062,306.3759765625,-3.1893930435180664,3.7136833667755127,-0.2051209807395935,0.3230157494544983,0,0,True,False,5
4,191.12522888183594,306.3570251464844,-3.4986584186553955,3.7489428520202637,-0.2042810022830963,0.1284884810447693,0,0,True,False,5
4,191.5012664794922,306.33544921875,-3.5396125316619873,3.764803409576416,-0.2200409322977066,0.031332988291978836,0,0,True,True,5
4,1.489380955696106,105.99237060546875,164.95899963378906,-0.011728611774742603,0.0027171606197953224,-1.9954891204833984,0,0,True,False,7
4,1.4876595735549927,105.9933853149414,164.95578002929688,-0.013973399996757507,0.005851014517247677,0.3027558922767639,0,0,True,False,7
4,1.4695793390274048,105.99738311767578,165.00350952148438,-0.5225120186805725,0.0997813418507576,0.24483396112918854,0,0,True,False,7
4,1.3835482597351074,106.02507781982422,164.79364013671875,-1.076499581336975,0.4675309360027313,0.13442273437976837,0,0,True,False,7
4,1.2394386529922485,106.07025909423828,164.59251403808594,-1.7201125621795654,0.4487941265106201,0.05508839339017868,0,0,True,False,7
4,1.037997841835022,106.11231231689453,165.17172241210938,-2.2613751888275146,0.3219134211540222,0.01437916699796915,0,0,True,False,7
4,0.7903079986572266,106.16934967041016,165.44602966308594,-2.67022705078125,0.7217636108398438,-0.0014423179673030972,0,0,True,False,7
4,0.49587371945381165,106.2491455078125,165.29283142089844,-3.163743734359741,0.8792980909347534,-0.004580097272992134,0,0,True,False,7
4,0.15318076312541962,106.33549499511719,165.4608612060547,-3.6044209003448486,0.84657222032547,-0.003252391703426838,0,0,True,False,7
4,-0.21762996912002563,106.41780853271484,166.04278564453125,-3.779918670654297,0.7342000603675842,-0.0013259506085887551,0,0,True,False,7
4,-0.5955339074134827,106.491455078125,166.87338256835938,-3.7941038608551025,0.626500129699707,3.99589544031187e-06,0,0,True,False,7
4,-0.9698495268821716,106.56319427490234,167.48329162597656,-3.724177122116089,0.6745129227638245,0.0006377506069839001,0,0,True,False,7
4,-1.3373745679855347,106.63019561767578,168.0692596435547,-3.651716470718384,0.5880353450775146,0.0009316634968854487,0,0,True,False,7
4,-1.6964490413665771,106.69525909423828,168.48980712890625,-3.558708429336548,0.6199305057525635,0.0009192180586978793,0,0,True,False,7
4,-2.047757625579834,106.75231170654297,169.08969116210938,-3.4904332160949707,0.4582894444465637,0.0010974693577736616,0,0,True,False,7
4,-2.3901314735412598,106.81130981445312,169.3383026123047,-3.3850057125091553,0.6249233484268188,0.0010129832662642002,0,0,True,False,7
4,-2.7256736755371094,106.86790466308594,169.61000061035156,-3.3341870307922363,0.5008696913719177,0.0011499595129862428,0,0,True,False,7
4,-3.0547757148742676,106.92759704589844,169.6093292236328,-3.271432638168335,0.6457083821296692,0.0010873794090002775,0,0,True,False,7
4,-3.3820104598999023,106.9788818359375,170.00718688964844,-3.2715609073638916,0.35654205083847046,0.0012638282496482134,0,0,True,False,7
4,-3.70562744140625,107.02227020263672,170.5546417236328,-3.2231085300445557,0.397382527589798,0.0009218502091243863,0,0,True,False,7
4,-4.011840343475342,107.06919860839844,170.98497009277344,-2.9545094966888428,0.5316523909568787,0.18648667633533478,0,0,True,False,7
4,-4.3111748695373535,107.12395477294922,170.85862731933594,-2.982617139816284,0.6168549656867981,0.10334672778844833,0,0,True,False,7
4,-4.616371154785156,107.17679595947266,170.78091430664062,-3.080784797668457,0.5203532576560974,0.04318998381495476,0,0,True,False,7
4,-4.92818021774292,107.23121643066406,170.6399688720703,-3.1176905632019043,0.5789568424224854,0.012229127809405327,0,0,True,False,7
4,-5.240936279296875,107.28045654296875,170.76002502441406,-3.1322829723358154,0.4415598213672638,0.0003958892775699496,0,0,True,False,7
4,-5.553935527801514,107.31916809082031,171.2777557373047,-3.1400113105773926,0.2946792542934418,-0.0021508121863007545,0,0,True,False,7
4,-5.83913516998291,107.33750915527344,171.23040771484375,-0.30526915192604065,-1.2858467102050781,-0.05644996091723442,0,0,True,True,7
4,193.73570251464844,121.2131118774414,-89.92340087890625,-0.01032679807394743,-0.04301309585571289,-1.9874153137207031,0,0,True,False,9
4,193.73486328125,121.20845794677734,-89.93658447265625,-0.022719740867614746,-0.12122119963169098,0.3023679554462433,0,0,True,False,9
4,193.7312774658203,121.17902374267578,-90.10397338867188,-0.0893172025680542,-0.5653718113899231,0.24463216960430145,0,0,True,False,9
4,193.72206115722656,121.09483337402344,-90.47276306152344,-0.16592709720134735,-1.1618226766586304,0.13465216755867004,0,0,True,False,9
4,193.70655822753906,120.94396209716797,-91.04923248291016,-0.23833680152893066,-1.7736812829971313,0.05538206920027733,0,0,True,False,9
4,193.69775390625,120.73577117919922,-91.19544219970703,-0.01782517321407795,-2.3290507793426514,0.01462334580719471,0,0,True,False,9
4,193.70095825195312,120.47370910644531,-90.811767578125,0.10740496218204498,-2.8609073162078857,-0.0008870220044627786,0,0,True,False,9
4,193.7123565673828,120.15980529785156,-90.15911102294922,0.20863093435764313,-3.3617875576019287,-0.004253272898495197,0,0,True,False,9
4,193.72219848632812,119.7997055053711,-89.74871063232422,0.10249078273773193,-3.769775390625,-0.0033862018026411533,0,0,True,False,9
4,193.72860717773438,119.4098892211914,-89.5775375366211,0.06993080675601959,-3.968348979949951,-0.001847333856858313,0,0,True,False,9
4,193.732666015625,119.01112365722656,-89.54451751708984,0.03158796206116676,-3.988193988800049,-0.0007519340142607689,0,0,True,False,9
4,193.73516845703125,118.61531066894531,-89.57586669921875,0.0177473034709692,-3.9294381141662598,-0.00209184642881155,0,0,True,False,9
4,193.7379608154297,118.22723388671875,-89.5782699584961,0.031040022149682045,-3.8409295082092285,-0.0022625350393354893,0,0,True,False,9
4,193.74093627929688,117.84856414794922,-89.56999969482422,0.02900663949549198,-3.7434186935424805,-0.001137371058575809,0,0,True,False,9
4,193.74273681640625,117.47964477539062,-89.61199188232422,0.007449126802384853,-3.6454341411590576,-3.929138074454386e-06,0,0,True,False,9
4,193.7439422607422,117.120361328125,-89.66049194335938,0.0076393848285079,-3.5513973236083984,-0.0012944507179781795,0,0,True,False,9
4,193.7450408935547,116.7701644897461,-89.70040893554688,0.0064134071581065655,-3.4626176357269287,-0.002263193018734455,0,0,True,False,9
4,193.7455291748047,116.42858123779297,-89.7538070678711,-0.0035294308327138424,-3.3786461353302,-0.001282873097807169,0,0,True,False,9
4,193.74534606933594,116.09508514404297,-89.81864929199219,-0.00954308919608593,-3.2996859550476074,-0.00023915289784781635,0,0,True,False,9
4,193.74539184570312,115.7691650390625,-89.8569564819336,-0.000761610281188041,-3.226055145263672,-0.0006196689209900796,0,0,True,False,9
4,193.7454376220703,115.4503173828125,-89.88581848144531,-0.0028650276362895966,-3.157068967819214,-0.00033621786860749125,0,0,True,False,9
4,193.74505615234375,115.1381607055664,-89.92562103271484,-0.009265038184821606,-3.092491388320923,0.0001010799387586303,0,0,True,False,9
4,193.74420166015625,114.83228302001953,-89.97732543945312,-0.015371774323284626,-3.0316598415374756,0.00047023771912790835,0,0,True,False,9
4,193.74623107910156,114.53231048583984,-89.88793182373047,0.04561558738350868,-2.9741499423980713,0.00025530814309604466,0,0,True,False,9
4,193.74964904785156,114.2374267578125,-89.77147674560547,0.04483584687113762,-2.9301342964172363,-0.00042785643017850816,0,0,True,False,9
4,193.7512664794922,113.9449462890625,-89.76162719726562,0.005917902570217848,-2.9304933547973633,-0.00024970053345896304,0,0,True,False,9
4,193.75149536132812,113.64956665039062,-89.80370330810547,-0.004647543653845787,-2.9739065170288086,0.00023232460080180317,0,0,True,False,9
4,193.75076293945312,113.34931182861328,-89.87419891357422,-0.017350656911730766,-3.026477336883545,0.0005661678151227534,0,0,True,False,9
4,193.75027465820312,113.0430908203125,-89.91752624511719,-0.006038679275661707,-3.094013214111328,0.0008166980696842074,0,0,True,False,9
4,193.7513427734375,112.7292251586914,-89.88583374023438,0.021298503503203392,-3.176429033279419,0.0008975028758868575,0,0,True,False,9
4,193.7526397705078,112.40792846679688,-89.85858154296875,0.013110515661537647,-3.2241740226745605,0.0008972167852334678,0,0,True,False,9
4,193.7489013671875,112.08594512939453,-90.05816650390625,-0.08402003347873688,-3.2177205085754395,0.0007024192600511014,0,0,True,False,9
4,193.7350616455078,111.76675415039062,-90.57293701171875,-0.3572443723678589,-3.0365333557128906,0.09504237771034241,0,0,True,False,9
4,193.71180725097656,111.46981048583984,-91.11885833740234,-0.37661078572273254,-2.9219207763671875,0.15711946785449982,0,0,True,False,9
4,193.679443359375,111.17659759521484,-92.09283447265625,-0.4629446268081665,-2.902327299118042,0.07732813060283661,0,0,True,False,9
4,193.65444946289062,110.88179779052734,-92.5748519897461,-0.20986667275428772,-3.048849105834961,0.028042087331414223,0,0,True,False,9
4,193.5928497314453,110.7276611328125,-90.59048461914062,-0.4412146806716919,-0.29628393054008484,-0.11361577361822128,0,0,True,True,9
